Manu,Tank
Rock Island + Cadillac + US Army Ordnance Dept.,M2A2
Rock Island + Cadillac + US Army Ordnance Dept.,M2A4
Rock Island + Cadillac + US Army Ordnance Dept.,M2 Medium
Rock Island + Cadillac + US Army Ordnance Dept.,M24
Rock Island + Cadillac + US Army Ordnance Dept.,T14
Rock Island + Cadillac + US Army Ordnance Dept.,T1E1
Rock Island + Cadillac + US Army Ordnance Dept.,T1E1 (90 mm)
Rock Island + Cadillac + US Army Ordnance Dept.,M6A1
Rock Island + Cadillac + US Army Ordnance Dept.,**M41A3**
Rock Island + Cadillac + US Army Ordnance Dept.,T20
Rock Island + Cadillac + US Army Ordnance Dept.,T25
Rock Island + Cadillac + US Army Ordnance Dept.,**M41A1**
Rock Island + Cadillac + US Army Ordnance Dept.,M26
Rock Island + Cadillac + US Army Ordnance Dept.,M26 T99
Rock Island + Cadillac + US Army Ordnance Dept.,T26E1-1
Rock Island + Cadillac + US Army Ordnance Dept.,T26E5
Rock Island + Cadillac + US Army Ordnance Dept.,M26E1
Rock Island + Cadillac + US Army Ordnance Dept.,M6A2E1
Rock Island + Cadillac + US Army Ordnance Dept.,**M46**
Rock Island + Cadillac + US Army Ordnance Dept.,**M47**
Rock Island + Cadillac + US Army Ordnance Dept.,**M48**
General Motors + Marmon-Herrington + PACCAR,M3 Stuart
General Motors + Marmon-Herrington + PACCAR,M3A1 Stuart
General Motors + Marmon-Herrington + PACCAR,M22
General Motors + Marmon-Herrington + PACCAR,M5A1 Stuart
General Motors + Marmon-Herrington + PACCAR,M3A3 Stuart
General Motors + Marmon-Herrington + PACCAR,T28 GMC*
General Motors + Marmon-Herrington + PACCAR,T95 GMC*
Chrysler + Detroit Tank Arsenal,M3 Lee
Chrysler + Detroit Tank Arsenal,Grant I
Chrysler + Detroit Tank Arsenal,M4A3 (105)
Chrysler + Detroit Tank Arsenal,M4A1
Chrysler + Detroit Tank Arsenal,M4
Chrysler + Detroit Tank Arsenal,M4A4
Chrysler + Detroit Tank Arsenal,M4 Hybrid
Chrysler + Detroit Tank Arsenal,M4A1 (75) W
Chrysler + Detroit Tank Arsenal,M10 GMC
Chrysler + Detroit Tank Arsenal,M4 Sherman Calliope
Chrysler + Detroit Tank Arsenal,M4A2
Chrysler + Detroit Tank Arsenal,M4A1 (76) W
Chrysler + Detroit Tank Arsenal,M4A2 (76) W
Chrysler + Detroit Tank Arsenal,M4A3 (76) W
Chrysler + Detroit Tank Arsenal,M36 GMC
Chrysler + Detroit Tank Arsenal,M4A3E2
Chrysler + Detroit Tank Arsenal,M4/T26
Chrysler + Detroit Tank Arsenal,**M36B2**
Chrysler + Detroit Tank Arsenal,M4A3E2 (76) W
Chrysler + Detroit Tank Arsenal,Super Hellcat
Chrysler + Detroit Tank Arsenal,T34*
Chrysler + Detroit Tank Arsenal,T30*
Chrysler + Detroit Tank Arsenal,T29*
Chrysler + Detroit Tank Arsenal,T32*
Chrysler + Detroit Tank Arsenal,T32E1*
MLW,Ram Mk II
MLW,Sherman II
Factory No. 38 + Factory No. 75,T-60
Factory No. 38 + Factory No. 75,T-26-4
Factory No. 38 + Factory No. 75,T-26
Factory No. 38 + Factory No. 75,BT-5
Factory No. 38 + Factory No. 75,BM-8-24
Factory No. 38 + Factory No. 75,RBT-5
Factory No. 38 + Factory No. 75,BT-7
Factory No. 38 + Factory No. 75,T-26E
Factory No. 38 + Factory No. 75,BT-7M
Factory No. 38 + Factory No. 75,T-70
Factory No. 38 + Factory No. 75,T-80
Factory No. 38 + Factory No. 75,BT-7A (F-32)
Ural Tank Factory No. 183 + STZ,T-34 (1940)
Ural Tank Factory No. 183 + STZ,T-34 (1941)
Ural Tank Factory No. 183 + STZ,T-34 (1942)
Ural Tank Factory No. 183 + STZ,T-34E STZ
Ural Tank Factory No. 183 + STZ,T-34E
Ural Tank Factory No. 183 + STZ,T-34-57
Ural Tank Factory No. 183 + STZ,T-34-57 (1943)
Ural Tank Factory No. 183 + STZ,T-34-85 (D-5T)
Ural Tank Factory No. 183 + STZ,T-34-85
Ural Tank Factory No. 183 + STZ,T-34-85E
Ural Tank Factory No. 183 + STZ,T-44
Ural Tank Factory No. 183 + STZ,T-44-122
Ural Tank Factory No. 183 + STZ,T-34-100
Ural Tank Factory No. 183 + STZ,T-44-100
Ural Tank Factory No. 183 + STZ,**SU-122-54**
Ural Tank Factory No. 183 + STZ,**T-54 (1947)**
Ural Tank Factory No. 183 + STZ,**T-54 (1949)**
Ural Tank Factory No. 183 + STZ,**T-54 (1951)**
LKZ,KV-1 (L-11)
LKZ,SMK
LKZ,KV-2 (1939)
LKZ,KV-2 (1940)
LKZ,KV-1S
LKZ,KV-1E
LKZ,KV-1 (ZiS-5)
LKZ,KV-1 (1942)
LKZ,KV-85
LKZ,KV-2 (ZiS-6)
LKZ,KV-122
LKZ,IS-1
LKZ,IS-2
LKZ,KV-220
LKZ,IS-2 (1944)
LKZ,IS-2 'Revenge'
LKZ,IS-3*
Factory No. 100 + UMTZ,SU-122
Factory No. 100 + UMTZ,SU-85
Factory No. 100 + UMTZ,SU-152
Factory No. 100 + UMTZ,**PT-76B**
Factory No. 100 + UMTZ,ISU-152
Factory No. 100 + UMTZ,SU-85M
Factory No. 100 + UMTZ,ISU-122
Factory No. 100 + UMTZ,ISU-122S
Factory No. 100 + UMTZ,SU-122P
Factory No. 100 + UMTZ,SU-100
Factory No. 100 + UMTZ,**ASU-85**
Factory No. 100 + UMTZ,IS-6*
Factory No. 174 + No. 185 + GAZ,T-28 (1938)
Factory No. 174 + No. 185 + GAZ,T-35
Factory No. 174 + No. 185 + GAZ,T-28
Factory No. 174 + No. 185 + GAZ,T-28E
Factory No. 174 + No. 185 + GAZ,SU-76D
Factory No. 174 + No. 185 + GAZ,T-50
Factory No. 174 + No. 185 + GAZ,SU-57B
Factory No. 174 + No. 185 + GAZ,T-126
Factory No. 174 + No. 185 + GAZ,SU-100Y
Lendliz,MK-II "Matilda"
Krupp + Alkett + Vomag,Pz.IV C
Krupp + Alkett + Vomag,Pz.IV E
Krupp + Alkett + Vomag,Pz.IV F1
Krupp + Alkett + Vomag,Pz.IV F2
Krupp + Alkett + Vomag,Pz.IV G
Krupp + Alkett + Vomag,Pz.Bfw.IV J
Krupp + Alkett + Vomag,Pz.IV J
Krupp + Alkett + Vomag,Pz.IV H
Krupp + Alkett + Vomag,Jagdpanzer IV
Krupp + Alkett + Vomag,Jagdpanzer IV/70 (A)
Krupp + Alkett + Vomag,StuPz. IV 'Brummbar'
Krupp + Alkett + Vomag,Jagdpanzer IV/70 (V)
Henschel + Porsche,Pz.II C
Henschel + Porsche,Pz.II F
Henschel + Porsche,Pz. VI 'Tiger' H1
Henschel + Porsche,VK 45.01 (P)
Henschel + Porsche,Pz. VI 'Tiger' E
Henschel + Porsche,PzBfw VI (P)
Henschel + Porsche,Pz. VI B 'Tiger II' (P)
Henschel + Porsche,JPz. VI 'Ferdinand'
Henschel + Porsche,JPz. VI 'Elefant'
Henschel + Porsche,Pz. VI B 'Tiger II' (H)
Henschel + Porsche,Tiger II (H) Sla. 16
Henschel + Porsche,Sturmtiger
Henschel + Porsche,JPz. VI 'Jagdtiger'
Henschel + Porsche,Tiger II (H) 10.5cm
Henschel + Porsche,Pz. VIII 'Maus'*
Daimler-Benz + Skoda,Pz.III B
Daimler-Benz + Skoda,Pz.III E
Daimler-Benz + Skoda,Pz.35 (t)
Daimler-Benz + Skoda,Pz.38 (t) A
Daimler-Benz + Skoda,Pz.38 (t) F
Daimler-Benz + Skoda,Pz.III F
Daimler-Benz + Skoda,Pz.38 (t) n.A.
Daimler-Benz + Skoda,Pz.III J
Daimler-Benz + Skoda,StuG III A
Daimler-Benz + Skoda,Pz.III J1
Daimler-Benz + Skoda,Pz.III L
Daimler-Benz + Skoda,Pz.III M
Daimler-Benz + Skoda,Pz.III N
Daimler-Benz + Skoda,StuH 42 G
Daimler-Benz + Skoda,StuG III F
Daimler-Benz + Skoda,StuG III G
Daimler-Benz + Skoda,Jagdpanzer 38 (t)
Daimler-Benz + Skoda,**M41A1**
Daimler-Benz + Skoda,**M47**
Daimler-Benz + Skoda,**M48A2 C**
MAN AG + Rheinmetall,Pz. Neubaufahrzeug
MAN AG + Rheinmetall,VK 30.02 M
MAN AG + Rheinmetall,Panther D
MAN AG + Rheinmetall,Panther A
MAN AG + Rheinmetall,Panther G
MAN AG + Rheinmetall,Panther F
MAN AG + Rheinmetall,JPz. V 'Jagdpanther'
MAN AG + Rheinmetall,Pz. V "Panther" II
Beutepanzer,T 34 747 (r)
Beutepanzer,KW I C 756 (r)
Nuffield + Leyland,A13 Mk. I
Nuffield + Leyland,A13 Mk. II
Nuffield + Leyland,A13 Mk. II (1939)
Nuffield + Leyland,Crusader Mk. II
Nuffield + Leyland,Crusader Mk. III
Nuffield + Leyland,Cromwell V
Nuffield + Leyland,Cromwell V (RP-3)
Nuffield + Leyland,Cromwell I
Nuffield + Leyland,Avenger
Nuffield + Leyland,A30 Challenger
Nuffield + Leyland,Comet
Nuffield + Leyland,**Charioteer**
Nuffield + Leyland,Tortoise
Vauxhall & Engl. Electric,Grant I
Vauxhall & Engl. Electric,3in Gun Carrier
Vauxhall & Engl. Electric,Churchill AVRE
Vauxhall & Engl. Electric,Churchill Mk. I
Vauxhall & Engl. Electric,Churchill Mk. III
Vauxhall & Engl. Electric,Churchill NA75
Vauxhall & Engl. Electric,Excelsior
Vauxhall & Engl. Electric,Churchill Mk. VII
Vauxhall & Engl. Electric,Churchill Crocodile
Vauxhall & Engl. Electric,TOG II
Vauxhall & Engl. Electric,Black Prince*
Vickers - Armstrong + Messrs Vulcan,Tetrarch
Vickers - Armstrong + Messrs Vulcan,Vickers Independent
Vickers - Armstrong + Messrs Vulcan,Stuart I
Vickers - Armstrong + Messrs Vulcan,Stuart III
Vickers - Armstrong + Messrs Vulcan,Valentine Mk. I
Vickers - Armstrong + Messrs Vulcan,Matilda III
Vickers - Armstrong + Messrs Vulcan,Valentine Mk. XI
Vickers - Armstrong + Messrs Vulcan,Archer
Vickers - Armstrong + Messrs Vulcan,Valentine Mk. IX
Vickers - Armstrong + Messrs Vulcan,Sherman II
Vickers - Armstrong + Messrs Vulcan,Achilles
Vickers - Armstrong + Messrs Vulcan,Sherman IC "Trzyniec"
Vickers - Armstrong + Messrs Vulcan,M4 Tipo IC
Vickers - Armstrong + Messrs Vulcan,Sherman VC
Vickers - Armstrong + Messrs Vulcan,Sherman VC (APDS)
Vickers - Armstrong + Messrs Vulcan,Centurion Mk.1*
Vickers - Armstrong + Messrs Vulcan,**FV4005**
Vickers - Armstrong + Messrs Vulcan,Centurion Mk.2*
Vickers - Armstrong + Messrs Vulcan,**FV4202**
Vickers - Armstrong + Messrs Vulcan,**Centurion Mk.3**
NSWGR,A.C.I
NSWGR,M4A2
NSWGR,A.C.IV
Imaginary,SMK
Imaginary,HT. No. VI
JSDF,**M36B2**
JSDF,**ST-A1**
JSDF,**ST-A2**
JSDF,**Type 61**
JSDF,**M41A1**
JSDF,**ST-A3**
JSDF,**M47**
JSDF,**M48**
FIAT - Ansaldo,M11/39
FIAT - Ansaldo,L3/33 CC
FIAT - Ansaldo,L6/40
FIAT - Ansaldo,M13/40 (I)
FIAT - Ansaldo,M13/40 (II)
FIAT - Ansaldo,M13/40 (III)
FIAT - Ansaldo,M14/41
FIAT - Ansaldo,Celere Sahariano
FIAT - Ansaldo,M14/41 (47/40)
FIAT - Ansaldo,M15/42
FIAT - Ansaldo,75/18 M41
FIAT - Ansaldo,75/32 M41
FIAT - Ansaldo,75/34 M42
FIAT - Ansaldo,105/25 M43
FIAT - Ansaldo,P40
FIAT - Ansaldo,75/34 M43
FIAT - Ansaldo,75/46 M43
Supporto alleato,M3A3 Stuart
Supporto alleato,M24
Supporto alleato,M4 Hybrid
Supporto alleato,M4A4
Supporto alleato,M4 Tipo IC
Supporto alleato,Sherman VC (APDS)
Supporto alleato,M36B1
Supporto alleato,M26A1
Supporto alleato,M26
Supporto alleato,**M46**
Supporto alleato,**M47**
Supporto alleato,**M48**
Supporto dell'asse,Toldi IIA
Supporto dell'asse,41M Turan II
Supporto dell'asse,Pz.III N
Supporto dell'asse,Pz.IV G (IT)
Supporto dell'asse,44M Zrinyi I
Supporto dell'asse,StuG III G
Supporto dell'asse,Panther D
Supporto dell'asse,JPz. VI 'Ferdinand'
Hotchkiss+SOMUA+FCM,FCM.36
Hotchkiss+SOMUA+FCM,H.35
Hotchkiss+SOMUA+FCM,H.39
Hotchkiss+SOMUA+FCM,S.35
Hotchkiss+SOMUA+FCM,SAu 40
Hotchkiss+SOMUA+FCM,Char 2C
Hotchkiss+SOMUA+FCM,Char 2C Bis
Hotchkiss+SOMUA+FCM,**Somua SM**
Renault,AMC.34 YR
Renault,R.35 (SA38)
Renault,AMR.35 ZT3
Renault,AMC.35 (ACG-1)
Renault,D2
Renault,B1 bis
Renault,B1 ter
FAMH,ARL-44 (ACL-1)
FAMH,ARL-44
AMX,AMX-13 (M24)
AMX,AMX-13 (FL11)
AMX,**M4A1 (FL10)**
AMX,**CA Lorraine**
AMX,**AMX-13**
AMX,**AMX M4**
AMX,**Char 25T**
AMX,**AMX-50-90**
AMX,**Lorraine 40T**
AMX,**AMX-50**
AMX,**AMX-50 Foch**
AMX,**AMX-50 Surbaisse**
Travaux d'armement francais,M22
Travaux d'armement francais,M5A1 Stuart
Travaux d'armement francais,Crusader Mk. II
Travaux d'armement francais,M3A3 Stuart
Travaux d'armement francais,Valentine Mk. IX
Travaux d'armement francais,M4A3 (105)
Travaux d'armement francais,M4A1
Travaux d'armement francais,Cromwell V
Travaux d'armement francais,M4A4
Travaux d'armement francais,M10 GMC
Travaux d'armement francais,M4A2
Travaux d'armement francais,M6A1
Travaux d'armement francais,**M4A4 (SA50)**
Travaux d'armement francais,M4A3E2
Travaux d'armement francais,M4A3 (76) W
Travaux d'armement francais,**M36B2**
Travaux d'armement francais,Panther G
Travaux d'armement francais,T26E1-1
Travaux d'armement francais,M26
RDE,Pz.38 (t) F
RDE,Pz.IV E
RDE,Pz.III J
RDE,Pz.III J1
RDE,Pz.III M
RDE,Pz.IV F2
RDE,Pz.IV G
RDE,StuG III G
RDE,Jagdpanzer IV
RDE,Panther G
RDE,Pz. VI B 'Tiger II' (P)
RDE,JPz. VI 'Jagdtiger'
De enige tank,FCM.36
De enige tank,M2A2
De enige tank,M2A4
De enige tank,M3 Stuart
De enige tank,M22
De enige tank,M5A1 Stuart
De enige tank,M3 Lee
De enige tank,M4A3 (105)
De enige tank,StuH 42 G
De enige tank,M24
De enige tank,M4
De enige tank,Pz.IV G
De enige tank,M4A1 (75) W
De enige tank,M4A2
De enige tank,StuG III G
De enige tank,M6A1
De enige tank,Sherman VC
De enige tank,M4A1 (76) W
De enige tank,M4A2 (76) W
De enige tank,M4A3E2
De enige tank,Panther A
De enige tank,T25
De enige tank,T34*
De enige tank,T32E1*
De enige tank,T26E5
De enige tank,**M41A1**
De enige tank,**M46**
De enige tank,**M47**
De enige tank,**M48**
Skladove za bulgarski oruzhiya,H.39
Skladove za bulgarski oruzhiya,L3/33 CC
Skladove za bulgarski oruzhiya,Pz.35 (t)
Skladove za bulgarski oruzhiya,Pz.38 (t) A
Skladove za bulgarski oruzhiya,BT-7
Skladove za bulgarski oruzhiya,Pz.III F
Skladove za bulgarski oruzhiya,Pz.38 (t) F
Skladove za bulgarski oruzhiya,Pz.IV E
Skladove za bulgarski oruzhiya,41M Turan II
Skladove za bulgarski oruzhiya,Pz.III J1
Skladove za bulgarski oruzhiya,Pz.III M
Skladove za bulgarski oruzhiya,105/25 M43
Skladove za bulgarski oruzhiya,Pz.IV F2
Skladove za bulgarski oruzhiya,StuG III F
Skladove za bulgarski oruzhiya,T-34 (1941)
Skladove za bulgarski oruzhiya,Pz.IV G
Skladove za bulgarski oruzhiya,KV-1 (L-11)
Skladove za bulgarski oruzhiya,44M Zrinyi I
Skladove za bulgarski oruzhiya,StuG III G
Skladove za bulgarski oruzhiya,T-34E STZ
Skladove za bulgarski oruzhiya,Pz.IV H
Skladove za bulgarski oruzhiya,**PT-76**
Skladove za bulgarski oruzhiya,Jagdpanzer IV
Skladove za bulgarski oruzhiya,75/46 M43
Skladove za bulgarski oruzhiya,Jagdpanzer 38 (t)
Skladove za bulgarski oruzhiya,SU-85M
Skladove za bulgarski oruzhiya,Jagdpanzer IV/70 (V)
Skladove za bulgarski oruzhiya,Panther D
Skladove za bulgarski oruzhiya,T-34-85
Skladove za bulgarski oruzhiya,Panther G
Skladove za bulgarski oruzhiya,SU-100
Skladove za bulgarski oruzhiya,IS-2 (1944)
Skladove za bulgarski oruzhiya,**SU-122-54**
Skladove za bulgarski oruzhiya,IS-3*
Skladove za bulgarski oruzhiya,**SU-122-54**
Skladove za bulgarski oruzhiya,**T-54 (1947)**
Skladove za bulgarski oruzhiya,**T-54 (1949)**
WKGA,Tetrarch
WKGA,A13 Mk. II
WKGA,Stuart I
WKGA,Stuart III
WKGA,Valentine Mk. I
WKGA,Crusader Mk. II
WKGA,Matilda III
WKGA,Grant I
WKGA,Crusader Mk. III
WKGA,Cromwell V
WKGA,M24
WKGA,Sherman II
WKGA,Cromwell I
WKGA,M4A2
WKGA,Churchill Mk. III
WKGA,Churchill NA75
WKGA,Churchill Mk. VII
WKGA,M4A1 (76) W
WKGA,Avenger
WKGA,Sherman VC (APDS)
WKGA,Comet
WKGA,M36 GMC
WKGA,A30 Challenger
WKGA,Centurion Mk.1*
WKGA,Black Prince*
WKGA,Tortoise
WKGA,Centurion Mk.2*
WKGA,**Charioteer**
WKGA,**FV4202**
WKGA,**Centurion Mk.3**
IAP,H.35
IAP,H.39
IAP,M2A2
IAP,Pz.II C
IAP,S.35
IAP,M24
IAP,M4A4
IAP,Sherman III/IV
IAP,Sherman VC
IAP,ARL-44
IAP,Pz. VI B 'Tiger II' (P)
IAP,Pz. VI B 'Tiger II' (H)
IAP,**M47**
IAP,**M48**
IAP,**Centurion Mk.3**
KBP,R.35 (SA38)
KBP,L3/33 CC
KBP,M2A2
KBP,M2A4
KBP,T-26
KBP,T-28 (1938)
KBP,M3 Stuart
KBP,Pz.III F
KBP,T-28
KBP,M3A1 Stuart
KBP,M5A1 Stuart
KBP,Valentine Mk. I
KBP,Pz.III J
KBP,Pz.III J1
KBP,M3 Lee
KBP,Pz.III M
KBP,StuH 42 G
KBP,M24
KBP,StuG III F
KBP,M4
KBP,Pz.IV G
KBP,StuG III G
KBP,Jagdpanzer IV
KBP,M4A1 (76) W
KBP,M4A3 (76) W
KBP,M36B1
KBP,**M41A1**
KBP,M4A3E2 (76) W
KBP,M26
KBP,T34*
KBP,T32E1*
KBP,**M46**
KBP,**M47**
KBP,**M48**
PZInz,M2A2
PZInz,L3/33 CC
PZInz,Vickers Mk.E
PZInz,Strv m/31
PZInz,Strv m/40L
PZInz,Pz.II C
PZInz,T-26E
Polski Aliancki Przemysl Czolgowy,R.35 (SA38)
Polski Aliancki Przemysl Czolgowy,R.35 (SA38)
Polski Aliancki Przemysl Czolgowy,H.35
Polski Aliancki Przemysl Czolgowy,A13 Mk. II
Polski Aliancki Przemysl Czolgowy,M3 Stuart
Polski Aliancki Przemysl Czolgowy,M5A1 Stuart
Polski Aliancki Przemysl Czolgowy,M3 Lee
Polski Aliancki Przemysl Czolgowy,Crusader Mk. III
Polski Aliancki Przemysl Czolgowy,Valentine Mk. IX
Polski Aliancki Przemysl Czolgowy,Archer
Polski Aliancki Przemysl Czolgowy,Cromwell V
Polski Aliancki Przemysl Czolgowy,Churchill Mk. III
Polski Aliancki Przemysl Czolgowy,Sherman IC "Trzyniec"
Polski Aliancki Przemysl Czolgowy,Sherman VC
Polski Aliancki Przemysl Czolgowy,A30 Challenger
Ludowa Fabryka Pojazdow Pancernych,T-70
Ludowa Fabryka Pojazdow Pancernych,T-50
Ludowa Fabryka Pojazdow Pancernych,T-34 (1941)
Ludowa Fabryka Pojazdow Pancernych,T-34 (1942)
Ludowa Fabryka Pojazdow Pancernych,KV-1 (L-11)
Ludowa Fabryka Pojazdow Pancernych,**PT-76B**
Ludowa Fabryka Pojazdow Pancernych,SU-85
Ludowa Fabryka Pojazdow Pancernych,T-34-57
Ludowa Fabryka Pojazdow Pancernych,ISU-152
Ludowa Fabryka Pojazdow Pancernych,T-34-85
Ludowa Fabryka Pojazdow Pancernych,T-34-85 (D-5T)
Ludowa Fabryka Pojazdow Pancernych,ISU-122S
Ludowa Fabryka Pojazdow Pancernych,IS-2
Ludowa Fabryka Pojazdow Pancernych,SU-100
Ludowa Fabryka Pojazdow Pancernych,IS-2 (1944)
Ludowa Fabryka Pojazdow Pancernych,**ASU-85**
Ludowa Fabryka Pojazdow Pancernych,IS-3*
Ludowa Fabryka Pojazdow Pancernych,**SU-122-54**
Ludowa Fabryka Pojazdow Pancernych,**T-54 (1949)**
Ludowa Fabryka Pojazdow Pancernych,**T-54 (1951)**
CAPTURED TANKS,Jagdpanzer 38 (t)
CAPTURED TANKS,Panther G
Suomalaiset panssariteokset,Ha-Go
Suomalaiset panssariteokset,M2A2
Suomalaiset panssariteokset,L3/33 CC
Suomalaiset panssariteokset,Ka-Mi
Suomalaiset panssariteokset,Vickers Mk.E
Suomalaiset panssariteokset,T-26E (FIN)
Suomalaiset panssariteokset,BT-42
Suomalaiset panssariteokset,T-28
Suomalaiset panssariteokset,T-28E
Suomalaiset panssariteokset,T-50
Suomalaiset panssariteokset,T-34 (1940)
Suomalaiset panssariteokset,Pz.IV F2
Suomalaiset panssariteokset,T-34 (1941)
Suomalaiset panssariteokset,SMK
Suomalaiset panssariteokset,Pz.IV J
Suomalaiset panssariteokset,KV-1E
Suomalaiset panssariteokset,Pz.IV H
Suomalaiset panssariteokset,KV-1S
Suomalaiset panssariteokset,KV-1 (ZiS-5)
Suomalaiset panssariteokset,KV-1 (1942)
Suomalaiset panssariteokset,**PT-76B**
Suomalaiset panssariteokset,ISU-152
Suomalaiset panssariteokset,T-34-85 (D-5T)
Suomalaiset panssariteokset,T-34-85
Suomalaiset panssariteokset,Comet
Suomalaiset panssariteokset,Panther G
Suomalaiset panssariteokset,SU-100
Suomalaiset panssariteokset,**Charioteer**
Suomalaiset panssariteokset,Pz. VI B 'Tiger II' (H)
Suomalaiset panssariteokset,T-44-100
Suomalaiset panssariteokset,**T-54 (1951)**
Leonida,R.35 (SA38)
Leonida,T-60
Leonida,Pz.35 (t)
Leonida,Pz.III E
Leonida,T-26
Leonida,Pz.38 (t) A
Leonida,BT-7
Leonida,Toldi IIA
Leonida,Pz.38 (t) F
Leonida,Pz.IV E
Leonida,41M Turan II
Leonida,T-80
Leonida,Pz.III J
Leonida,Valentine Mk. I
Leonida,Pz.III J1
Leonida,Pz.III M
Leonida,Pz.III N
Leonida,Pz.IV F2
Leonida,StuG III F
Leonida,T-34 (1942)
Leonida,Pz.IV G
Leonida,44M Zrinyi I
Leonida,StuG III G
Leonida,KV-1S
Leonida,KV-1 (ZiS-5)
Leonida,Jagdpanzer 38 (t)
Leonida,SU-85
Leonida,KV-85
Leonida,ISU-152
Leonida,IS-1
Leonida,T-34-85
Leonida,IS-2
Leonida,Panther G
Leonida,SU-100
Leonida,IS-2 (1944)
Leonida,T-44-100
Leonida,IS-3*
Leonida,**SU-122-54**
Leonida,**T-54 (1947)**
Leonida,**T-54 (1949)**
TTG,Ha-Go
TTG,I-Go/Ko
TTG,Tetrarch
TTG,Ro-Go
TTG,Chi-Ha
TTG,M3 Stuart
TTG,M3A1 Stuart
TTG,Chi-Ha-Kai
TTG,Ho-Ni III
TTG,M3A3 Stuart
TTG,M5A1 Stuart
TTG,Valentine Mk. XI
TTG,M3 Lee
TTG,Matilda III
TTG,Valentine Mk. IX
TTG,Chi-Nu
TTG,Churchill Mk. I
TTG,M4A1
TTG,M4A4
TTG,M4A4 (1st PTG)
TTG,M4A1 (75) W
TTG,Chi-Nu II
TTG,**PT-76**
TTG,Chi-to Late
TTG,Churchill Mk. VII
TTG,Chi-Ri II
TTG,M4A2 (76) W
TTG,Comet
TTG,**Type 63-I**
TTG,T-34-85 Gai
TTG,**Object 211**
TTG,**Type 62**
TTG,**ST-A1**
TTG,M26
TTG,T26E1-1
TTG,T32*
TTG,Ho-Ri Production
TTG,**T-54 (1949)**
FiBIS,I-Go/Ko
FiBIS,H.39
FiBIS,M2A4
FiBIS,Pz.35 (t)
FiBIS,A13 Mk. I
FiBIS,Vickers Independent
FiBIS,Pz.II F
FiBIS,Pz.38 (t) F
FiBIS,M22
FiBIS,B1 bis
FiBIS,M3 Lee
FiBIS,Pz.III J1
FiBIS,Chi-Nu
FiBIS,Pz.III M
FiBIS,M24
FiBIS,StuG III F
FiBIS,M4A1 (75) W
FiBIS,StuG III G
FiBIS,Chi-Nu II
FiBIS,Jagdpanzer 38 (t)
FiBIS,Chi-To
FiBIS,M4A1 (76) W
FiBIS,VK 45.01 (P)
FiBIS,Pz. VI 'Tiger' H1
FiBIS,PzBfw VI (P)
FiBIS,Panther G
FiBIS,Pz. VI B 'Tiger II' (P)
FiBIS,Pz. VI B 'Tiger II' (H)
FiBIS,Pz. VIII 'Maus'*
FiBIS,**M47**
FiBIS,**M48**
BRD,T-60
BRD,Pz.III E
BRD,Pz.II C
BRD,Pz.II F
BRD,T-28
BRD,BT-7M
BRD,Pz.III J
BRD,T-50
BRD,Pz.III J1
BRD,Pz.III L
BRD,T-34 (1940)
BRD,Pz.IV F2
BRD,T-34 (1941)
BRD,StuG III G
BRD,SU-85
BRD,Jagdpanzer IV
BRD,T-34-57
BRD,ISU-152
BRD,SU-85M
BRD,Pz. VI 'Tiger' H1
BRD,T-34-85
BRD,Jagdpanzer IV/70 (V)
BRD,IS-2
BRD,Panther G
BRD,T-44
BRD,SU-100
BRD,JPz. V 'Jagdpanther'
BRD,JPz. VI 'Ferdinand'
BRD,JPz. VI 'Jagdtiger'
BRD,IS-3*
BRD,**PT-76B**
BRD,**T-54 (1949)**
BRD,**T-54 (1951)**
Fabricacion espanola de tanques,L3/33 CC
Fabricacion espanola de tanques,L6/40
Fabricacion espanola de tanques,Pz.35 (t)
Fabricacion espanola de tanques,Pz.II C
Fabricacion espanola de tanques,Pz.II F
Fabricacion espanola de tanques,Pz.IV E
Fabricacion espanola de tanques,StuG III A
Fabricacion espanola de tanques,Pz.III J
Fabricacion espanola de tanques,Celere Sahariano
Fabricacion espanola de tanques,T-126
Fabricacion espanola de tanques,T-50
Fabricacion espanola de tanques,Pz.III J1
Fabricacion espanola de tanques,Pz.III M
Fabricacion espanola de tanques,T-34 (1940)
Fabricacion espanola de tanques,M24
Fabricacion espanola de tanques,Pz.IV G
Fabricacion espanola de tanques,Pz.IV J
Fabricacion espanola de tanques,StuG III G
Fabricacion espanola de tanques,Pz.IV H
Fabricacion espanola de tanques,SU-85
Fabricacion espanola de tanques,T-34-85
Fabricacion espanola de tanques,Panther G
Fabricacion espanola de tanques,**M41A1**
Fabricacion espanola de tanques,T-44
Fabricacion espanola de tanques,SU-100
Fabricacion espanola de tanques,Pz. VI B 'Tiger II' (H)
Fabricacion espanola de tanques,**M47**
Fabricacion espanola de tanques,**M48A2 C**
MPL,Tetrarch
MPL,A13 Mk. I
MPL,M2 Medium
MPL,A13 Mk. II
MPL,M3 Stuart
MPL,M3A1 Stuart
MPL,Crusader Mk. II
MPL,Valentine Mk. I
MPL,M5A1 Stuart
MPL,3in Gun Carrier
MPL,Matilda III
MPL,M3 Lee
MPL,M4A3 (105)
MPL,Crusader Mk. III
MPL,Valentine Mk. IX
MPL,Churchill Mk. I
MPL,M24
MPL,Cromwell V
MPL,Sherman II
MPL,Ram Mk II
MPL,M4A4
MPL,Achilles
MPL,M4A2
MPL,Churchill Mk. III
MPL,Sherman VC
MPL,Churchill Mk. VII
MPL,M4A2 (76) W
MPL,M4A3 (76) W
MPL,Comet
MPL,M4/T26
MPL,M4A3E2 (76) W
MPL,Centurion Mk.1*
MPL,Centurion Mk.2*
MPL,Tortoise
MPL,T32*
MPL,**M46**
MPL,**FV4202**
MPL,**Centurion Mk.3**
MPL,**M46**
MPL,**FV4202**
MPL,**Centurion Mk.3**
UN Supplies,Tetrarch
UN Supplies,A13 Mk. II
UN Supplies,Pz.III F
UN Supplies,M3 Stuart
UN Supplies,M3A1 Stuart
UN Supplies,M5A1 Stuart
UN Supplies,M3 Lee
UN Supplies,M4A3 (105)
UN Supplies,M4A1
UN Supplies,M4
UN Supplies,Pz.IV G
UN Supplies,M4A2
UN Supplies,Panther D
UN Supplies,Jagdpanzer IV/70 (V)
UN Supplies,Panther G
UN Supplies,Centurion Mk.1*
UN Supplies,T28 GMC*
UN Supplies,JPz. V 'Jagdpanther'
UN Supplies,Sturmtiger
UN Supplies,T95 GMC*
UN Supplies,T32*
CKD-I,Pz.35 (t)
CKD-I,L6/40
CKD-I,Pz.38 (t) A
CKD-I,Sav m/43 (1944)
CKD-I,Pz.38 (t) F
CKD-I,40M Turan I
CKD-I,41M Turan II
CKD-I,Pz.38 (t) n.A.
CKD-I,40/43M Zrinyi II
CKD-I,105/25 M43
CKD-I,44M Zrinyi I
CKD-I,43M Turan III
CKD-I,Jagdpanzer 38 (t)
CKD-I,75/46 M43
CSTB,T-70
CSTB,T-34 (1942)
CSTB,SU-85
CSTB,ISU-152
CSTB,T-34-85 (D-5T)
CSTB,IS-2
CSTB,SU-100
CSTB,IS-2 (1944)
CSTB,IS-3*
CSOB,Crusader Mk. II
CSOB,Valentine Mk. XI
CSOB,Cromwell V
CSOB,Sherman VC
CSOB,A30 Challenger
CSOB,Pz.III E
CSOB,Pz.III F
CSOB,Pz.III M
CSOB,Pz.III N
CSOB,Pz.IV F2
CSOB,StuG III F
CSOB,Pz.IV H
CSOB,Panther D
CSOB,**PT-76B**
CSOB,**ASU-85**
CSOB,**T-54 (1949)**
CSOB,**T-54 (1951)**
AB Lndsv. + Scania-Vabis + Volvo,Strv m/31
AB Lndsv. + Scania-Vabis + Volvo,Strv m/38
AB Lndsv. + Scania-Vabis + Volvo,Strv m/39
AB Lndsv. + Scania-Vabis + Volvo,Strv m/40L
AB Lndsv. + Scania-Vabis + Volvo,Sav m/43 (1944)
AB Lndsv. + Scania-Vabis + Volvo,Sav m/43 (1946)
AB Lndsv. + Scania-Vabis + Volvo,Strv m/41 S-I
AB Lndsv. + Scania-Vabis + Volvo,Strv m/41 S-II
AB Lndsv. + Scania-Vabis + Volvo,Lago I (APDS)
AB Lndsv. + Scania-Vabis + Volvo,Strv m/42 EH
AB Lndsv. + Scania-Vabis + Volvo,**Sav m/43 (1946)**
AB Lndsv. + Scania-Vabis + Volvo,**Pvkv IV**
AB Lndsv. + Scania-Vabis + Volvo,**Pvkv m/43 (1963)**
AB Lndsv. + Scania-Vabis + Volvo,**Strv m/42 DT**
AB Lndsv. + Scania-Vabis + Volvo,**Strv 74**
AB Lndsv. + Scania-Vabis + Volvo,**Centurion Mk.3**
Vegemite Industries,M2A2
Vegemite Industries,M2A4
Vegemite Industries,A13 Mk. I
Vegemite Industries,M13/40 (I)
Vegemite Industries,M3 Stuart
Vegemite Industries,M22
Vegemite Industries,Crusader Mk. II
Vegemite Industries,Matilda Hedgehog
Vegemite Industries,Grant I
Vegemite Industries,M3 Lee
Vegemite Industries,Crusader Mk. III
Vegemite Industries,M4A1
Vegemite Industries,M4
Vegemite Industries,M36 GMC
Vegemite Industries,**M41A1**
Vegemite Industries,**Charioteer**
Vegemite Industries,Tortoise
Vegemite Industries,**Centurion Mk.3**
Vegemite Industries,**Centurion Mk.5/1**
Gregor Extra,Pz.III E
Gregor Extra,Pz.III F
Gregor Extra,Pz.III M
Gregor Extra,Pz.III N
Gregor Extra,Pz.IV F2
Gregor Extra,StuG III F
Gregor Extra,Pz.IV H
Gregor Extra,Panther D
Gregor Extra,**PT-76B**
Gregor Extra,**ASU-85**
Gregor Extra,**T-54 (1949)**
Gregor Extra,**T-54 (1951)**
Mitsubishi Heavy Industries,Ha-Go
Mitsubishi Heavy Industries,I-Go/Ko
Mitsubishi Heavy Industries,Chi-Ha
Mitsubishi Heavy Industries,Ka-Mi
Mitsubishi Heavy Industries,Chi-Ha Short Gun
Mitsubishi Heavy Industries,Ka-Chi
Mitsubishi Heavy Industries,Chi-Ha-Kai
Mitsubishi Heavy Industries,Ho-I
Mitsubishi Heavy Industries,Chi-He
Mitsubishi Heavy Industries,Chi-Nu
Mitsubishi Heavy Industries,Chi-Nu II
Kawasaki + Kobe,Chi-To
Kawasaki + Kobe,Chi-to Late
Kawasaki + Kobe,Chi-Ri II
Kawasaki + Kobe,Ho-Ri Prototype
Kawasaki + Kobe,Ho-Ri Production
Osaka + Hino Mtrs + Hitachi Ltd,Ke-Ni
Osaka + Hino Mtrs + Hitachi Ltd,Ro-Go
Osaka + Hino Mtrs + Hitachi Ltd,Ho-Ni III
Osaka + Hino Mtrs + Hitachi Ltd,Pz.III J1
Osaka + Hino Mtrs + Hitachi Ltd,M24
Osaka + Hino Mtrs + Hitachi Ltd,M4A4
Osaka + Hino Mtrs + Hitachi Ltd,M4A3 (76) W
Osaka + Hino Mtrs + Hitachi Ltd,Panther D
CHT Extra,SMK
CHT Extra,HT. No. VI
CHT Extra,**M36B2**
CHT Extra,**ST-A1**
CHT Extra,**ST-A2**
CHT Extra,**Type 61**
CHT Extra,**M41A1**
CHT Extra,**ST-A3**
CHT Extra,**M47**
CHT Extra,**M48**